[
  {
    "_id": "5d3a6521c1a80d1ebcd70267",
    "date": "2019-07-26T02:17:51.737Z",
    "name": "aaaaaaaaaaaaaaaaa",
    "action": "Postagem com nome: 'GodZilla123' criada pelo usuário aaaaaaaaaaaaaaaaa",
    "__v": 0
  },
  {
    "_id": "5d3b27e423fae3214ce3080d",
    "date": "2019-07-26T16:11:44.376Z",
    "name": "aaaaaaaaaaaaaaaaa",
    "action": "Postagem com nome: 'GodZilla123' apagada pelo usuário aaaaaaaaaaaaaaaaa",
    "__v": 0
  },
  {
    "_id": "5d3b282223fae3214ce3080e",
    "date": "2019-07-26T16:11:44.376Z",
    "name": "aaaaaaaaaaaaaaaaa",
    "action": "Postagem com nome: 'Nisi est sit amet' criada pelo usuário aaaaaaaaaaaaaaaaa",
    "__v": 0
  },
  {
    "_id": "5d3b284323fae3214ce30810",
    "date": "2019-07-26T16:11:44.376Z",
    "name": "aaaaaaaaaaaaaaaaa",
    "action": "Postagem com nome: 'Mattis vulputate enim' criada pelo usuário aaaaaaaaaaaaaaaaa",
    "__v": 0
  },
  {
    "_id": "5d3b2ad323fae3214ce30812",
    "date": "2019-07-26T16:11:44.376Z",
    "name": "aaaaaaaaaaaaaaaaa",
    "action": "Postagem com nome: 'Nisi est sit amet' apagada pelo usuário aaaaaaaaaaaaaaaaa",
    "__v": 0
  },
  {
    "_id": "5d3b2ad423fae3214ce30813",
    "date": "2019-07-26T16:11:44.376Z",
    "name": "aaaaaaaaaaaaaaaaa",
    "action": "Postagem com nome: 'Mattis vulputate enim' apagada pelo usuário aaaaaaaaaaaaaaaaa",
    "__v": 0
  },
  {
    "_id": "5d3b2ce1217ae104447ab984",
    "date": "2019-07-26T16:37:59.467Z",
    "name": "aaaaaaaaaaaaaaaaa",
    "action": "Postagem com nome: 'Megazord' criada pelo usuário aaaaaaaaaaaaaaaaa",
    "__v": 0
  },
  {
    "_id": "5d3b2ce2217ae104447ab986",
    "date": "2019-07-26T16:37:59.467Z",
    "name": "aaaaaaaaaaaaaaaaa",
    "action": "Postagem com nome: 'Megazord' apagada pelo usuário aaaaaaaaaaaaaaaaa",
    "__v": 0
  },
  {
    "_id": "5d45d6755d13403998eb2c66",
    "date": "2019-08-03T17:58:29.718Z",
    "name": "aaaaaaaaaaaaaaaaa",
    "action": "Postagem com nome: 'aaaaaaaaaa' criada pelo usuário aaaaaaaaaaaaaaaaa",
    "__v": 0
  },
  {
    "_id": "5d45d69e5d13403998eb2c68",
    "date": "2019-08-03T17:58:29.718Z",
    "name": "aaaaaaaaaaaaaaaaa",
    "action": "Postagem com nome: 'aaaaaaaaaa' criada pelo usuário aaaaaaaaaaaaaaaaa",
    "__v": 0
  },
  {
    "_id": "5d45d74cf1b82a43349ca442",
    "date": "2019-08-03T18:49:36.541Z",
    "name": "aaaaaaaaaaaaaaaaa",
    "action": "Postagem com nome: 'aaaa' criada pelo usuário aaaaaaaaaaaaaaaaa",
    "__v": 0
  },
  {
    "_id": "5d45d751f1b82a43349ca444",
    "date": "2019-08-03T18:49:36.541Z",
    "name": "aaaaaaaaaaaaaaaaa",
    "action": "Postagem com nome: 'aaaaaaaaaa' apagada pelo usuário aaaaaaaaaaaaaaaaa",
    "__v": 0
  },
  {
    "_id": "5d45d75ef1b82a43349ca445",
    "date": "2019-08-03T18:49:36.541Z",
    "name": "aaaaaaaaaaaaaaaaa",
    "action": "Postagem com nome: 'aaaa' apagada pelo usuário aaaaaaaaaaaaaaaaa",
    "__v": 0
  },
  {
    "_id": "5d45d91b403e7f02bc0c07ce",
    "date": "2019-08-03T18:57:15.379Z",
    "name": "aaaaaaaaaaaaaaaaa",
    "action": "Postagem com nome: 'kold,adasd' criada pelo usuário aaaaaaaaaaaaaaaaa",
    "__v": 0
  },
  {
    "_id": "5d45d91c403e7f02bc0c07d0",
    "date": "2019-08-03T18:57:15.379Z",
    "name": "aaaaaaaaaaaaaaaaa",
    "action": "Postagem com nome: 'kold,adasd' apagada pelo usuário aaaaaaaaaaaaaaaaa",
    "__v": 0
  },
  {
    "_id": "5d45d91f403e7f02bc0c07d1",
    "date": "2019-08-03T18:57:15.379Z",
    "name": "aaaaaaaaaaaaaaaaa",
    "action": "Postagem com nome: 'asdasd' criada pelo usuário aaaaaaaaaaaaaaaaa",
    "__v": 0
  },
  {
    "_id": "5d45d924403e7f02bc0c07d3",
    "date": "2019-08-03T18:57:15.379Z",
    "name": "aaaaaaaaaaaaaaaaa",
    "action": "Postagem com nome: 'asdasd' editada pelo usuário aaaaaaaaaaaaaaaaa",
    "__v": 0
  },
  {
    "_id": "5d45d9da403e7f02bc0c07d4",
    "date": "2019-08-03T18:57:15.379Z",
    "name": "aaaaaaaaaaaaaaaaa",
    "action": "Postagem com nome: 'aa' criada pelo usuário aaaaaaaaaaaaaaaaa",
    "__v": 0
  },
  {
    "_id": "5d45d9dd403e7f02bc0c07d6",
    "date": "2019-08-03T18:57:15.379Z",
    "name": "aaaaaaaaaaaaaaaaa",
    "action": "Postagem com nome: 'aaa' criada pelo usuário aaaaaaaaaaaaaaaaa",
    "__v": 0
  },
  {
    "_id": "5d45d9e0403e7f02bc0c07d8",
    "date": "2019-08-03T18:57:15.379Z",
    "name": "aaaaaaaaaaaaaaaaa",
    "action": "Postagem com nome: 'aaa' criada pelo usuário aaaaaaaaaaaaaaaaa",
    "__v": 0
  },
  {
    "_id": "5d45ff89403e7f02bc0c07de",
    "date": "2019-08-03T18:57:15.379Z",
    "name": "yasmin souza",
    "action": "Postagem com nome: 'a' criada pelo usuário yasmin souza",
    "__v": 0
  },
  {
    "_id": "5d4602e2403e7f02bc0c07e0",
    "date": "2019-08-03T18:57:15.379Z",
    "name": "yasmin souza",
    "action": "Postagem com nome: 'asdasd' apagada pelo usuário yasmin souza",
    "__v": 0
  },
  {
    "_id": "5d4602e7403e7f02bc0c07e1",
    "date": "2019-08-03T18:57:15.379Z",
    "name": "yasmin souza",
    "action": "Postagem com nome: 'aa' apagada pelo usuário yasmin souza",
    "__v": 0
  },
  {
    "_id": "5d46031d403e7f02bc0c07e2",
    "date": "2019-08-03T18:57:15.379Z",
    "name": "yasmin souza",
    "action": "Postagem com nome: 'aaa' apagada pelo usuário yasmin souza",
    "__v": 0
  },
  {
    "_id": "5d4605a8403e7f02bc0c07e3",
    "date": "2019-08-03T18:57:15.379Z",
    "name": "yasmin souza",
    "action": "Postagem com nome: 'a' apagada pelo usuário yasmin souza",
    "__v": 0
  },
  {
    "_id": "5d4606cf403e7f02bc0c07e4",
    "date": "2019-08-03T18:57:15.379Z",
    "name": "yasmin souza",
    "action": "Postagem com nome: 'aaa' criada pelo usuário yasmin souza",
    "__v": 0
  },
  {
    "_id": "5d460b58403e7f02bc0c07e6",
    "date": "2019-08-03T18:57:15.379Z",
    "name": "yasmin souza",
    "action": "Postagem com nome: 'aaa' apagada pelo usuário yasmin souza",
    "__v": 0
  },
  {
    "_id": "5d460b77403e7f02bc0c07e7",
    "date": "2019-08-03T18:57:15.379Z",
    "name": "yasmin souza",
    "action": "Postagem com nome: 'João belarmino' criada pelo usuário yasmin souza",
    "__v": 0
  },
  {
    "_id": "5d460b8f403e7f02bc0c07e9",
    "date": "2019-08-03T18:57:15.379Z",
    "name": "yasmin souza",
    "action": "Postagem com nome: 'Maincon Três Bolas' criada pelo usuário yasmin souza",
    "__v": 0
  },
  {
    "_id": "5d460b99403e7f02bc0c07eb",
    "date": "2019-08-03T18:57:15.379Z",
    "name": "yasmin souza",
    "action": "Postagem com nome: 'Jon Doe' criada pelo usuário yasmin souza",
    "__v": 0
  },
  {
    "_id": "5d4613b050214a31443cf246",
    "date": "2019-08-03T23:03:44.708Z",
    "name": "Leonardo Gonçalves",
    "action": "Postagem com nome: 'João belarmino' editada pelo usuário Leonardo Gonçalves",
    "__v": 0
  },
  {
    "_id": "5d4613b650214a31443cf247",
    "date": "2019-08-03T23:03:44.708Z",
    "name": "Leonardo Gonçalves",
    "action": "Postagem com nome: 'Maincon Três Bolas' editada pelo usuário Leonardo Gonçalves",
    "__v": 0
  },
  {
    "_id": "5d4613ba50214a31443cf248",
    "date": "2019-08-03T23:03:44.708Z",
    "name": "Leonardo Gonçalves",
    "action": "Postagem com nome: 'Jon Doe' editada pelo usuário Leonardo Gonçalves",
    "__v": 0
  },
  {
    "_id": "5d461af572b2592f3c8946ed",
    "date": "2019-08-03T23:36:08.183Z",
    "name": "Leonardo Gonçalves",
    "action": "Postagem com nome: 'João belarmino' editada pelo usuário Leonardo Gonçalves",
    "__v": 0
  },
  {
    "_id": "5d461b1672b2592f3c8946ee",
    "date": "2019-08-03T23:36:08.183Z",
    "name": "Leonardo Gonçalves",
    "action": "Postagem com nome: 'João belarmino' editada pelo usuário Leonardo Gonçalves",
    "__v": 0
  },
  {
    "_id": "5d461b2e72b2592f3c8946ef",
    "date": "2019-08-03T23:36:08.183Z",
    "name": "Leonardo Gonçalves",
    "action": "Postagem com nome: 'João belarmino' editada pelo usuário Leonardo Gonçalves",
    "__v": 0
  },
  {
    "_id": "5d4627568c43f82d88bac7fc",
    "date": "2019-08-03T23:41:02.150Z",
    "name": "Yasmin Souza",
    "action": "Postagem com nome: 'teste' criada pelo usuário Yasmin Souza",
    "__v": 0
  },
  {
    "_id": "5d4627998c43f82d88bac7fe",
    "date": "2019-08-03T23:41:02.150Z",
    "name": "Yasmin Souza",
    "action": "Postagem com nome: 'João belarmino' editada pelo usuário Yasmin Souza",
    "__v": 0
  }
]
