[
  {
    "_id": "5d460b77403e7f02bc0c07e8",
    "content": "Lorem ipsum dolor sit amet, consectetur adipiscing elit, sed do eiusmod tempor incididunt ut labore et dolore magna aliqua. Amet est placerat in egestas erat imperdiet sed. Adipiscing enim eu turpis egestas pretium aenean pharetra. Lectus magna fringilla urna porttitor. Consequat ac felis donec et odio pellentesque. Feugiat pretium nibh ipsum consequat nisl vel pretium lectus. Commodo ullamcorper a lacus vestibulum sed arcu non odio euismod. Semper risus in hendrerit gravida. Tellus molestie nunc non blandit massa enim nec dui. Et malesuada fames ac turpis egestas maecenas pharetra convallis. Quam quisque id diam vel quam elementum pulvinar. Viverra maecenas accumsan lacus vel facilisis volutpat. Elit duis tristique sollicitudin nibh. Velit euismod in pellentesque massa placerat duis. Arcu non sodales neque sodales ut etiam sit. Facilisi morbi tempus iaculis urna id volutpat lacus. Viverra mauris in aliquam sem fringilla ut. Aliquam faucibus purus in massa tempor. Porttitor massa id neque aliquam vestibulum morbi blandit cursus risus. A condimentum vitae sapien pellentesque habitant morbi tristique.\r\n\r\nTurpis in eu mi bibendum neque egestas congue. Et pharetra pharetra massa massa ultricies mi. Tellus rutrum tellus pellentesque eu tincidunt tortor aliquam nulla. At elementum eu facilisis sed odio morbi quis commodo odio. Viverra orci sagittis eu volutpat odio facilisis mauris. Vulputate enim nulla aliquet porttitor lacus luctus. Adipiscing enim eu turpis egestas pretium. Etiam tempor orci eu lobortis elementum nibh tellus. Est ante in nibh mauris cursus mattis. Euismod nisi porta lorem mollis aliquam ut porttitor. Commodo elit at imperdiet dui accumsan sit amet. Morbi enim nunc faucibus a pellentesque sit amet porttitor. Scelerisque eu ultrices vitae auctor eu augue ut lectus.\r\n\r\nViverra accumsan in nisl nisi scelerisque eu ultrices vitae auctor. Nunc sed augue lacus viverra vitae congue. Tellus elementum sagittis vitae et leo duis. Integer vitae justo eget magna fermentum iaculis eu. Adipiscing diam donec adipiscing tristique risus. Lorem ipsum dolor sit amet consectetur adipiscing. Eu mi bibendum neque egestas congue. Ultrices mi tempus imperdiet nulla malesuada pellentesque elit. Amet purus gravida quis blandit turpis. Id venenatis a condimentum vitae sapien pellentesque habitant. Mauris sit amet massa vitae tortor condimentum lacinia quis. Et malesuada fames ac turpis egestas sed tempus. Ut eu sem integer vitae justo eget magna fermentum iaculis. Donec ultrices tincidunt arcu non. Magnis dis parturient montes nascetur ridiculus mus. Porttitor lacus luctus accumsan tortor.\r\n\r\nNulla aliquet porttitor lacus luctus accumsan tortor posuere. Facilisis volutpat est velit egestas dui. Felis eget nunc lobortis mattis. Eu mi bibendum neque egestas congue quisque egestas diam. Nunc id cursus metus aliquam eleifend. Proin sed libero enim sed faucibus turpis in eu. Elementum sagittis vitae et leo. Tristique magna sit amet purus gravida quis blandit turpis. Feugiat scelerisque varius morbi enim nunc. Nibh sed pulvinar proin gravida hendrerit lectus. Consequat ac felis donec et odio pellentesque diam. Ante metus dictum at tempor. Lobortis feugiat vivamus at augue eget arcu dictum. Amet massa vitae tortor condimentum lacinia quis vel eros donec. Eget aliquet nibh praesent tristique. Nam aliquam sem et tortor. Integer feugiat scelerisque varius morbi enim. Rutrum quisque non tellus orci ac auctor.\r\n\r\nTurpis egestas pretium aenean pharetra magna ac. Tristique sollicitudin nibh sit amet commodo nulla facilisi nullam. In iaculis nunc sed augue lacus viverra vitae congue. Ac tortor vitae purus faucibus ornare suspendisse. Volutpat blandit aliquam etiam erat velit scelerisque in. Nulla facilisi cras fermentum odio eu feugiat pretium nibh. Erat velit scelerisque in dictum non consectetur a erat nam. Vestibulum sed arcu non odio euismod lacinia. Diam donec adipiscing tristique risus nec. Augue mauris augue neque gravida in fermentum et sollicitudin ac. Amet justo donec enim diam. Egestas dui id ornare arcu odio ut sem nulla pharetra. Mauris a diam maecenas sed. Hendrerit dolor magna eget est lorem. Ultrices in iaculis nunc sed augue. Proin libero nunc consequat interdum. Condimentum lacinia quis vel erossss.",
    "date": "3/8/2019",
    "title": "João belarmino",
    "slug": "Joao-belarmino",
    "image": "Joao-belarmino",
    "author": "yasmin souza",
    "__v": 0
  },
  {
    "_id": "5d460b8f403e7f02bc0c07ea",
    "content": "Lorem ipsum dolor sit amet, consectetur adipiscing elit, sed do eiusmod tempor incididunt ut labore et dolore magna aliqua. Amet est placerat in egestas erat imperdiet sed. Adipiscing enim eu turpis egestas pretium aenean pharetra. Lectus magna fringilla urna porttitor. Consequat ac felis donec et odio pellentesque. Feugiat pretium nibh ipsum consequat nisl vel pretium lectus. Commodo ullamcorper a lacus vestibulum sed arcu non odio euismod. Semper risus in hendrerit gravida. Tellus molestie nunc non blandit massa enim nec dui. Et malesuada fames ac turpis egestas maecenas pharetra convallis. Quam quisque id diam vel quam elementum pulvinar. Viverra maecenas accumsan lacus vel facilisis volutpat. Elit duis tristique sollicitudin nibh. Velit euismod in pellentesque massa placerat duis. Arcu non sodales neque sodales ut etiam sit. Facilisi morbi tempus iaculis urna id volutpat lacus. Viverra mauris in aliquam sem fringilla ut. Aliquam faucibus purus in massa tempor. Porttitor massa id neque aliquam vestibulum morbi blandit cursus risus. A condimentum vitae sapien pellentesque habitant morbi tristique.\r\n\r\nTurpis in eu mi bibendum neque egestas congue. Et pharetra pharetra massa massa ultricies mi. Tellus rutrum tellus pellentesque eu tincidunt tortor aliquam nulla. At elementum eu facilisis sed odio morbi quis commodo odio. Viverra orci sagittis eu volutpat odio facilisis mauris. Vulputate enim nulla aliquet porttitor lacus luctus. Adipiscing enim eu turpis egestas pretium. Etiam tempor orci eu lobortis elementum nibh tellus. Est ante in nibh mauris cursus mattis. Euismod nisi porta lorem mollis aliquam ut porttitor. Commodo elit at imperdiet dui accumsan sit amet. Morbi enim nunc faucibus a pellentesque sit amet porttitor. Scelerisque eu ultrices vitae auctor eu augue ut lectus.\r\n\r\nViverra accumsan in nisl nisi scelerisque eu ultrices vitae auctor. Nunc sed augue lacus viverra vitae congue. Tellus elementum sagittis vitae et leo duis. Integer vitae justo eget magna fermentum iaculis eu. Adipiscing diam donec adipiscing tristique risus. Lorem ipsum dolor sit amet consectetur adipiscing. Eu mi bibendum neque egestas congue. Ultrices mi tempus imperdiet nulla malesuada pellentesque elit. Amet purus gravida quis blandit turpis. Id venenatis a condimentum vitae sapien pellentesque habitant. Mauris sit amet massa vitae tortor condimentum lacinia quis. Et malesuada fames ac turpis egestas sed tempus. Ut eu sem integer vitae justo eget magna fermentum iaculis. Donec ultrices tincidunt arcu non. Magnis dis parturient montes nascetur ridiculus mus. Porttitor lacus luctus accumsan tortor.\r\n\r\nNulla aliquet porttitor lacus luctus accumsan tortor posuere. Facilisis volutpat est velit egestas dui. Felis eget nunc lobortis mattis. Eu mi bibendum neque egestas congue quisque egestas diam. Nunc id cursus metus aliquam eleifend. Proin sed libero enim sed faucibus turpis in eu. Elementum sagittis vitae et leo. Tristique magna sit amet purus gravida quis blandit turpis. Feugiat scelerisque varius morbi enim nunc. Nibh sed pulvinar proin gravida hendrerit lectus. Consequat ac felis donec et odio pellentesque diam. Ante metus dictum at tempor. Lobortis feugiat vivamus at augue eget arcu dictum. Amet massa vitae tortor condimentum lacinia quis vel eros donec. Eget aliquet nibh praesent tristique. Nam aliquam sem et tortor. Integer feugiat scelerisque varius morbi enim. Rutrum quisque non tellus orci ac auctor.\r\n\r\nTurpis egestas pretium aenean pharetra magna ac. Tristique sollicitudin nibh sit amet commodo nulla facilisi nullam. In iaculis nunc sed augue lacus viverra vitae congue. Ac tortor vitae purus faucibus ornare suspendisse. Volutpat blandit aliquam etiam erat velit scelerisque in. Nulla facilisi cras fermentum odio eu feugiat pretium nibh. Erat velit scelerisque in dictum non consectetur a erat nam. Vestibulum sed arcu non odio euismod lacinia. Diam donec adipiscing tristique risus nec. Augue mauris augue neque gravida in fermentum et sollicitudin ac. Amet justo donec enim diam. Egestas dui id ornare arcu odio ut sem nulla pharetra. Mauris a diam maecenas sed. Hendrerit dolor magna eget est lorem. Ultrices in iaculis nunc sed augue. Proin libero nunc consequat interdum. Condimentum lacinia quis vel eros.",
    "date": "3/8/2019",
    "title": "Maincon Três Bolas",
    "slug": "Maincon-Tres-Bolas",
    "image": "Maincon-Tres-Bolas",
    "author": "yasmin souza",
    "__v": 0
  },
  {
    "_id": "5d460b99403e7f02bc0c07ec",
    "content": "Lorem ipsum dolor sit amet, consectetur adipiscing elit, sed do eiusmod tempor incididunt ut labore et dolore magna aliqua. Amet est placerat in egestas erat imperdiet sed. Adipiscing enim eu turpis egestas pretium aenean pharetra. Lectus magna fringilla urna porttitor. Consequat ac felis donec et odio pellentesque. Feugiat pretium nibh ipsum consequat nisl vel pretium lectus. Commodo ullamcorper a lacus vestibulum sed arcu non odio euismod. Semper risus in hendrerit gravida. Tellus molestie nunc non blandit massa enim nec dui. Et malesuada fames ac turpis egestas maecenas pharetra convallis. Quam quisque id diam vel quam elementum pulvinar. Viverra maecenas accumsan lacus vel facilisis volutpat. Elit duis tristique sollicitudin nibh. Velit euismod in pellentesque massa placerat duis. Arcu non sodales neque sodales ut etiam sit. Facilisi morbi tempus iaculis urna id volutpat lacus. Viverra mauris in aliquam sem fringilla ut. Aliquam faucibus purus in massa tempor. Porttitor massa id neque aliquam vestibulum morbi blandit cursus risus. A condimentum vitae sapien pellentesque habitant morbi tristique.\r\n\r\nTurpis in eu mi bibendum neque egestas congue. Et pharetra pharetra massa massa ultricies mi. Tellus rutrum tellus pellentesque eu tincidunt tortor aliquam nulla. At elementum eu facilisis sed odio morbi quis commodo odio. Viverra orci sagittis eu volutpat odio facilisis mauris. Vulputate enim nulla aliquet porttitor lacus luctus. Adipiscing enim eu turpis egestas pretium. Etiam tempor orci eu lobortis elementum nibh tellus. Est ante in nibh mauris cursus mattis. Euismod nisi porta lorem mollis aliquam ut porttitor. Commodo elit at imperdiet dui accumsan sit amet. Morbi enim nunc faucibus a pellentesque sit amet porttitor. Scelerisque eu ultrices vitae auctor eu augue ut lectus.\r\n\r\nViverra accumsan in nisl nisi scelerisque eu ultrices vitae auctor. Nunc sed augue lacus viverra vitae congue. Tellus elementum sagittis vitae et leo duis. Integer vitae justo eget magna fermentum iaculis eu. Adipiscing diam donec adipiscing tristique risus. Lorem ipsum dolor sit amet consectetur adipiscing. Eu mi bibendum neque egestas congue. Ultrices mi tempus imperdiet nulla malesuada pellentesque elit. Amet purus gravida quis blandit turpis. Id venenatis a condimentum vitae sapien pellentesque habitant. Mauris sit amet massa vitae tortor condimentum lacinia quis. Et malesuada fames ac turpis egestas sed tempus. Ut eu sem integer vitae justo eget magna fermentum iaculis. Donec ultrices tincidunt arcu non. Magnis dis parturient montes nascetur ridiculus mus. Porttitor lacus luctus accumsan tortor.\r\n\r\nNulla aliquet porttitor lacus luctus accumsan tortor posuere. Facilisis volutpat est velit egestas dui. Felis eget nunc lobortis mattis. Eu mi bibendum neque egestas congue quisque egestas diam. Nunc id cursus metus aliquam eleifend. Proin sed libero enim sed faucibus turpis in eu. Elementum sagittis vitae et leo. Tristique magna sit amet purus gravida quis blandit turpis. Feugiat scelerisque varius morbi enim nunc. Nibh sed pulvinar proin gravida hendrerit lectus. Consequat ac felis donec et odio pellentesque diam. Ante metus dictum at tempor. Lobortis feugiat vivamus at augue eget arcu dictum. Amet massa vitae tortor condimentum lacinia quis vel eros donec. Eget aliquet nibh praesent tristique. Nam aliquam sem et tortor. Integer feugiat scelerisque varius morbi enim. Rutrum quisque non tellus orci ac auctor.\r\n\r\nTurpis egestas pretium aenean pharetra magna ac. Tristique sollicitudin nibh sit amet commodo nulla facilisi nullam. In iaculis nunc sed augue lacus viverra vitae congue. Ac tortor vitae purus faucibus ornare suspendisse. Volutpat blandit aliquam etiam erat velit scelerisque in. Nulla facilisi cras fermentum odio eu feugiat pretium nibh. Erat velit scelerisque in dictum non consectetur a erat nam. Vestibulum sed arcu non odio euismod lacinia. Diam donec adipiscing tristique risus nec. Augue mauris augue neque gravida in fermentum et sollicitudin ac. Amet justo donec enim diam. Egestas dui id ornare arcu odio ut sem nulla pharetra. Mauris a diam maecenas sed. Hendrerit dolor magna eget est lorem. Ultrices in iaculis nunc sed augue. Proin libero nunc consequat interdum. Condimentum lacinia quis vel eros.",
    "date": "3/8/2019",
    "title": "Jon Doe",
    "slug": "Jon-Doe",
    "image": "Jon-Doe",
    "author": "yasmin souza",
    "__v": 0
  },
  {
    "_id": "5d4627568c43f82d88bac7fd",
    "content": "Yasmin dona do botão cancelar",
    "date": "3/8/2019",
    "title": "teste",
    "slug": "teste",
    "image": "teste",
    "author": "Yasmin Souza",
    "__v": 0
  }
]
